0,1,2,3,4,5,6,7,8,9,10
105.79,47.36,36.46,7.22,42.93,15.69,59.29,32.0,536.97,2.74,1287000064.0
105.39,46.49,36.93,7.06,43.61,15.61,61.75,32.02,542.58,2.69,1260000000.0
104.94,46.38,37.81,7.09,43.23,16.04,63.03,32.2,528.08,2.66,1332000000.0
102.57,45.79,37.34,6.78,42.59,16.02,64.25,31.8,530.73,2.58,1232999936.0
104.14,45.64,37.26,6.72,42.49,15.93,62.52,31.54,536.11,2.59,1206000000.0
102.16,45.09,36.69,6.38,41.87,15.77,63.69,31.13,528.04,2.48,1152000000.0
101.86,45.78,36.89,6.14,42.11,15.85,65.8,31.37,532.11,2.49,1098000000.0
100.13,46.63,36.4,6.08,41.92,15.54,64.1,30.97,521.51,2.52,1160999936.0
98.76,47.2,36.6,5.8,41.67,15.29,64.04,30.71,515.84,2.47,1098000000.0
97.41,46.37,36.54,5.95,40.32,15.17,61.63,30.4,498.16,2.5,1035000000.0
99.84,46.93,37.8,6.13,40.84,15.66,62.85,30.98,506.45,2.55,972000000.0
102.8,47.91,37.71,6.44,42.43,15.9,64.25,31.65,514.62,2.55,936000000.0
102.0,46.8,37.95,6.89,42.55,15.99,64.14,31.09,520.04,2.57,963000000.0
103.06,47.45,38.01,6.84,42.84,16.07,64.0,31.81,532.3,2.66,981000000.0
102.7,47.89,38.39,6.89,43.26,16.27,62.48,32.0,538.77,2.67,1017000000.0
102.21,48.05,38.46,6.84,42.98,16.31,64.93,32.01,536.93,2.65,1035000000.0
104.02,47.89,38.79,6.9,42.75,16.31,65.28,32.1,541.52,2.65,1017000000.0
103.95,48.77,38.94,6.94,42.36,16.43,65.22,31.78,537.31,2.66,936000000.0
102.68,48.8,38.54,7.0,41.98,16.45,66.05,31.42,535.28,2.63,990000000.0
100.72,49.16,38.41,6.92,41.47,16.23,66.89,31.02,530.66,2.67,954000000.0
99.77,49.12,38.65,6.72,41.75,16.24,66.34,31.08,529.55,2.67,999000000.0
96.96,48.7,38.46,6.54,41.36,15.77,66.15,30.73,519.46,2.66,945000000.0
96.96,48.52,38.84,6.89,40.76,15.3,64.58,30.16,506.64,2.63,909000000.0
98.32,50.51,38.98,7.05,41.28,15.37,65.53,30.79,505.15,2.58,900000000.0
102.1,50.7,39.56,7.25,42.49,15.69,66.64,31.36,506.91,2.61,945000000.0
102.21,49.29,39.23,7.23,42.13,15.4,65.34,31.42,500.72,2.63,1124999936.0
99.69,49.38,39.23,7.23,41.61,15.13,65.92,31.29,497.06,2.63,1340999936.0
100.58,49.04,38.95,7.19,41.39,14.92,66.41,31.2,501.8,2.66,1152000000.0
100.19,48.18,38.54,6.79,41.03,14.55,64.05,31.07,505.93,2.63,1134000000.0
97.48,46.61,38.28,6.76,40.61,13.79,63.83,30.94,504.01,2.52,1062000000.0
96.72,47.21,38.52,7.11,41.28,13.95,65.75,31.16,510.46,2.39,1098000000.0
99.21,47.33,38.45,7.08,41.42,13.84,68.03,30.85,509.94,2.24,1080000000.0
99.97,48.0,38.67,7.27,41.0,13.98,69.21,31.19,520.39,2.45,1026000000.0
102.57,48.98,39.19,7.35,42.08,14.6,72.34,31.55,537.3,2.47,999000000.0
103.1,49.22,39.3,6.64,42.12,14.27,73.1,31.16,541.95,2.45,981000000.0
103.21,49.41,39.62,6.32,41.97,14.38,73.62,30.61,536.72,2.61,963000000.0
99.59,48.98,39.08,6.28,38.09,14.18,71.8,29.23,521.19,2.7,927000000.0
105.22,48.52,38.27,6.09,36.78,13.79,70.77,28.88,512.43,2.63,936000000.0
108.5,48.87,38.03,5.85,37.51,14.0,73.53,29.24,513.23,2.61,900000000.0
106.91,47.77,37.25,5.95,36.07,13.74,69.37,28.24,537.55,2.57,936000000.0
108.25,47.99,36.87,6.31,36.86,14.03,69.38,28.77,532.2,2.67,918000000.0
108.27,49.4,37.02,6.67,37.14,14.42,67.97,28.81,533.3,2.76,1008000000.0
109.1,48.52,36.83,6.41,37.36,14.32,71.7,28.93,526.1,2.85,963000000.0
109.88,47.63,37.03,6.39,37.9,14.49,69.6,29.22,529.83,3.31,981000000.0
108.95,47.65,36.72,6.22,37.86,14.96,67.58,28.67,533.88,3.03,999000000.0
109.68,47.62,36.14,6.58,37.82,14.83,64.57,28.35,529.28,3.04,999000000.0
111.79,48.24,36.9,6.17,38.03,14.9,67.63,29.02,540.16,3.04,1017000000.0
114.41,48.42,37.34,6.28,37.84,14.84,67.12,28.89,538.0,3.07,1008000000.0
115.85,48.35,37.6,6.54,38.47,15.12,67.34,29.39,546.01,3.12,1008000000.0
116.42,48.09,36.84,6.81,39.17,15.07,66.23,29.58,551.16,3.15,1026000000.0
117.11,47.59,36.68,6.76,39.19,15.09,64.93,29.91,545.01,3.11,1071000000.0
117.92,47.5,37.39,6.75,39.14,14.79,66.72,29.51,542.65,3.08,1080000000.0
117.68,47.11,37.25,6.5,39.11,14.71,66.09,29.45,546.45,3.06,1088999936.0
118.64,47.63,36.88,6.62,39.44,14.86,68.01,29.63,541.8,3.06,1062000000.0
121.84,47.97,37.09,6.35,39.7,14.7,68.84,29.07,535.0,3.06,981000000.0
121.08,46.43,37.15,6.58,39.64,14.86,70.89,29.63,538.65,3.11,999000000.0
117.99,47.54,37.41,6.52,39.55,14.96,68.69,29.23,547.33,3.1,1026000000.0
119.48,47.54,37.31,6.21,39.62,14.55,67.42,28.97,559.29,3.08,981000000.0
117.69,47.65,37.49,6.28,39.43,14.34,65.18,28.63,562.63,3.11,954000000.0
118.26,47.78,38.52,6.1,39.46,14.52,66.81,29.33,575.02,3.21,954000000.0
118.51,47.46,38.09,6.03,38.92,14.55,69.0,29.36,578.79,3.14,936000000.0
117.76,47.03,38.0,5.82,38.72,14.42,68.67,29.38,578.33,3.05,945000000.0
115.81,47.25,38.75,5.52,38.76,14.56,67.92,29.04,581.43,2.98,990000000.0
115.98,47.09,37.84,5.43,38.09,14.76,66.67,28.58,572.9,2.92,1017000000.0
116.48,46.78,38.35,5.27,38.53,14.72,66.15,28.17,574.1,2.93,981000000.0
114.07,47.33,37.56,5.19,37.79,14.37,64.61,27.29,559.85,2.92,972000000.0
111.99,46.86,37.37,5.13,37.75,14.66,65.97,27.84,555.69,2.84,963000000.0
114.01,47.48,38.6,5.08,36.88,14.64,67.74,26.52,561.17,2.76,954000000.0
113.22,47.61,38.63,4.92,37.21,14.64,67.57,26.63,553.0,2.75,954000000.0
114.47,48.19,39.46,4.97,37.37,14.68,67.92,26.54,561.64,2.76,990000000.0
116.38,48.17,38.92,5.17,37.5,14.64,69.09,26.34,557.61,2.77,963000000.0
117.69,48.55,39.82,5.18,38.22,14.54,68.1,26.6,566.16,2.75,945000000.0
116.81,48.9,39.79,4.95,38.03,14.21,70.09,26.47,563.67,2.74,954000000.0
115.34,49.58,39.96,5.3,38.56,14.42,69.45,26.96,564.95,2.8,972000000.0
116.54,49.33,39.26,5.52,38.54,14.31,67.61,26.86,565.37,2.84,981000000.0
116.06,49.09,38.69,5.32,38.57,14.21,67.63,26.51,577.54,2.79,999000000.0
113.03,48.63,37.84,5.26,37.28,14.02,65.56,25.73,567.0,2.63,954000000.0
113.82,47.54,37.86,5.02,37.06,14.03,64.97,25.9,563.64,2.65,981000000.0
112.91,47.83,40.16,4.8,36.84,13.93,67.75,27.55,557.55,2.72,927000000.0
115.77,48.42,40.67,4.9,36.83,14.12,68.19,27.09,561.14,2.7,963000000.0
113.99,48.78,40.77,4.78,36.56,14.01,67.25,26.92,554.7,2.68,981000000.0
113.83,49.18,40.47,4.72,36.61,14.02,64.01,26.53,549.49,2.69,1026000000.0
114.81,50.99,40.89,4.87,36.23,14.14,61.88,26.53,541.31,2.69,1026000000.0
116.67,51.2,40.71,4.92,37.36,14.11,60.12,26.72,543.95,2.7,1026000000.0
115.44,51.06,41.52,5.13,37.34,14.07,59.57,26.91,544.86,2.7,1053000000.0
115.07,52.45,41.43,5.16,37.24,14.21,60.55,26.96,548.84,2.71,1053000000.0
115.94,51.1,41.35,5.22,37.3,14.3,61.16,26.9,548.02,2.72,1017000000.0
116.44,51.97,41.19,5.11,37.51,14.31,61.05,27.49,548.54,2.76,990000000.0
116.21,51.96,40.77,4.97,37.55,14.38,61.01,27.32,548.64,2.78,999000000.0
115.71,51.1,40.48,5.19,37.45,14.4,60.25,27.11,539.78,2.67,999000000.0
116.15,51.03,40.07,5.41,38.0,14.23,60.99,28.27,541.04,2.7,981000000.0
115.59,50.85,40.29,5.26,37.91,14.37,62.2,28.3,543.52,2.87,981000000.0
114.29,49.93,40.07,5.13,37.42,14.16,61.49,27.96,532.74,2.58,981000000.0
116.9,50.19,39.62,5.13,38.58,14.17,62.4,28.18,544.53,2.49,990000000.0
116.27,50.37,39.71,5.15,38.34,14.11,63.7,27.92,542.92,2.35,990000000.0
117.83,50.35,39.73,5.68,38.66,14.32,64.02,28.15,549.18,2.28,963000000.0
118.79,50.66,39.45,6.22,38.97,14.28,62.8,27.85,557.46,2.33,1044000000.0
119.35,50.34,39.53,6.92,43.04,14.23,63.51,27.62,573.66,2.3,1017000000.0
121.52,49.55,39.05,7.08,43.19,14.16,61.98,27.98,566.12,2.34,999000000.0
119.61,49.45,38.71,6.72,44.2,14.24,61.42,28.43,564.37,2.31,981000000.0
117.85,48.7,37.84,6.34,44.11,14.54,59.87,28.32,561.39,2.28,972000000.0
114.65,48.57,37.48,6.71,43.74,14.5,59.74,28.03,548.77,2.26,963000000.0
118.13,48.9,37.95,7.05,43.75,14.66,61.4,28.77,551.16,2.31,972000000.0
117.91,49.06,37.78,7.01,43.38,14.96,60.92,28.78,552.84,2.31,999000000.0
115.25,48.47,36.99,7.69,42.8,14.88,59.23,28.31,543.04,2.28,981000000.0
114.52,47.8,37.03,7.15,41.61,14.82,59.44,27.94,535.08,2.29,927000000.0
115.23,48.63,37.91,6.85,41.99,14.78,62.52,27.96,542.04,2.32,936000000.0
117.4,49.55,39.34,6.66,42.94,14.97,62.44,28.44,548.95,2.31,954000000.0
116.21,49.62,39.4,6.69,42.59,15.01,62.95,28.35,545.78,2.32,936000000.0
115.79,49.09,39.04,6.44,42.58,14.95,61.86,27.97,538.73,2.35,927000000.0
115.92,47.89,39.01,6.22,42.83,14.99,61.23,28.31,539.49,2.37,945000000.0
118.63,47.51,40.37,6.23,43.81,15.03,61.75,28.59,549.2,2.33,981000000.0
118.46,49.99,40.83,6.22,43.43,14.88,61.6,28.61,546.49,2.32,927000000.0
119.77,50.99,40.83,5.84,43.17,15.02,62.25,28.97,546.67,2.35,945000000.0
119.66,51.91,41.22,5.77,43.06,15.26,60.81,28.75,549.28,2.28,963000000.0
119.65,51.26,40.71,5.77,43.06,15.23,54.54,28.94,552.51,2.32,945000000.0
120.87,50.84,40.61,5.81,42.92,15.23,54.13,29.09,556.81,2.28,954000000.0
121.93,51.18,40.57,5.74,42.45,15.24,53.69,29.01,554.52,2.28,945000000.0
119.24,50.6,40.22,5.71,42.17,15.02,51.92,28.7,547.19,2.22,936000000.0
121.47,50.95,40.77,5.8,43.09,15.23,53.7,29.23,554.25,2.28,945000000.0
121.23,51.13,40.39,5.68,42.94,15.17,53.49,29.49,554.18,2.27,945000000.0
119.85,50.31,39.69,5.5,42.41,15.02,54.59,29.88,545.32,2.28,963000000.0
120.09,50.2,40.08,5.49,42.74,15.06,56.31,29.41,549.21,2.25,945000000.0
119.56,51.47,40.29,5.95,42.46,15.22,55.95,28.85,553.95,2.3,936000000.0
119.7,52.36,40.97,5.82,42.4,15.45,55.87,28.38,555.29,2.28,945000000.0
119.0,52.03,40.6,5.66,41.96,15.32,54.57,28.02,551.69,2.33,936000000.0
118.35,52.04,40.48,5.69,41.76,15.69,54.09,27.61,549.53,2.33,936000000.0
117.57,51.83,40.28,5.65,41.39,15.59,51.73,27.14,543.48,2.31,927000000.0
117.22,51.95,40.44,5.62,41.31,15.8,52.58,27.1,542.16,2.29,963000000.0
118.56,51.77,40.27,5.91,42.18,16.06,52.42,27.59,552.6,2.32,945000000.0
118.3,52.06,40.98,5.99,42.03,15.96,52.5,27.62,550.04,2.32,945000000.0
116.99,52.58,40.63,5.95,41.6,15.96,52.87,27.16,547.47,2.31,954000000.0
116.76,52.11,40.46,5.65,41.16,15.95,52.25,27.22,543.0,2.32,945000000.0
117.39,52.02,40.65,5.56,41.48,16.02,51.23,27.44,544.87,2.35,918000000.0
117.11,52.92,40.76,5.57,41.6,15.86,51.32,27.71,546.6,2.47,963000000.0
117.64,53.36,41.65,5.84,42.28,15.86,52.01,28.08,556.18,2.52,909000000.0
116.47,52.76,41.91,5.69,41.72,15.67,53.25,27.81,557.52,2.58,954000000.0
117.39,52.8,42.77,5.58,41.84,15.95,54.8,27.98,559.68,2.62,981000000.0
116.86,52.96,42.39,5.63,41.55,16.13,55.23,27.83,563.39,2.61,963000000.0
117.85,52.8,42.7,5.59,41.31,15.96,54.46,27.67,558.57,2.62,963000000.0
117.29,52.25,42.87,5.38,41.31,15.86,54.94,27.74,557.95,2.58,945000000.0
116.6,52.76,43.35,5.44,40.96,15.89,54.48,26.9,553.06,2.47,927000000.0
114.56,50.68,41.94,5.35,40.16,15.42,52.81,26.35,541.25,2.34,954000000.0
115.39,50.97,42.31,5.15,39.96,15.54,53.01,26.38,540.04,2.4,927000000.0
116.47,51.15,42.52,5.03,40.23,15.72,51.69,26.17,543.3,2.42,945000000.0
116.32,50.94,42.72,5.11,40.18,15.54,51.5,26.5,547.34,2.53,927000000.0
115.91,50.99,42.29,4.9,40.17,15.46,53.85,26.05,545.62,2.47,945000000.0
115.63,51.38,43.01,4.91,40.09,15.23,54.31,25.93,550.03,2.09,936000000.0
112.76,49.99,41.92,4.65,40.04,14.83,52.82,25.58,541.7,2.01,936000000.0
110.46,49.69,42.15,4.73,40.29,15.04,53.26,25.09,544.65,1.98,1026000000.0
113.41,50.22,43.33,4.74,40.37,15.24,55.51,25.3,556.11,1.96,990000000.0
115.6,50.39,44.4,5.15,41.21,15.54,56.39,25.78,571.73,1.96,963000000.0
115.55,50.41,44.72,4.98,41.29,15.64,55.73,25.71,584.18,2.05,1071000000.0
116.67,54.4,44.41,4.79,41.41,16.14,55.5,25.75,583.96,1.96,1071000000.0
118.22,54.99,44.73,4.87,42.23,16.38,54.98,25.93,601.78,1.87,1088999936.0
119.24,54.62,44.64,4.77,42.19,16.52,55.39,25.56,699.62,1.79,1134000000.0
121.5,54.49,44.68,4.73,42.46,16.54,55.35,25.24,692.84,1.8,1098000000.0
120.28,54.14,44.52,4.85,42.79,16.5,55.97,24.91,695.35,1.8,1008000000.0
115.2,54.32,44.87,4.71,41.21,16.84,57.07,24.81,695.1,1.79,1017000000.0
115.14,53.79,44.39,4.61,41.73,16.59,56.67,24.8,674.73,1.76,1017000000.0
114.53,52.83,43.8,4.41,41.58,16.34,56.49,24.33,654.77,1.67,1035000000.0
112.94,52.84,43.56,4.36,41.04,16.13,56.81,24.59,658.27,1.62,999000000.0
113.5,52.03,43.98,4.72,41.03,16.32,58.42,25.11,659.66,1.77,1053000000.0
113.14,52.27,44.64,4.85,41.89,16.58,57.21,25.16,661.43,1.96,1053000000.0
112.57,52.37,44.45,4.53,42.43,16.55,56.84,25.07,664.56,1.93,1080000000.0
111.59,52.17,45.66,4.59,42.26,16.32,56.39,25.11,657.5,1.93,1053000000.0
108.96,51.53,44.74,4.45,42.36,16.22,58.32,25.19,664.72,2.2,1080000000.0
105.46,51.8,44.44,4.57,43.02,16.25,58.95,25.26,661.28,2.13,1053000000.0
106.16,52.05,45.09,4.74,43.06,16.31,58.11,25.46,673.29,2.16,1008000000.0
106.39,50.95,44.63,4.87,42.19,16.26,57.51,25.37,670.15,2.11,1044000000.0
106.75,50.54,44.66,4.61,42.3,16.2,56.74,25.25,664.39,2.09,981000000.0
110.63,50.9,44.91,4.93,42.83,16.47,57.15,25.92,663.14,1.93,999000000.0
104.88,51.01,44.71,4.65,42.0,16.24,57.87,25.33,690.3,1.9,1017000000.0
106.49,48.43,43.83,4.77,42.3,15.99,57.41,25.76,691.47,1.9,1008000000.0
106.41,47.57,44.64,4.6,42.29,16.08,58.35,25.24,686.51,1.79,1035000000.0
107.16,47.86,44.93,4.57,42.54,16.16,58.53,25.38,689.37,1.84,1035000000.0
108.27,47.55,45.31,4.53,42.83,16.22,59.6,25.43,694.11,1.8,999000000.0
107.66,47.34,45.24,4.44,43.06,16.15,58.51,25.28,688.73,1.8,981000000.0
106.28,47.13,45.06,4.24,42.46,15.94,58.23,24.8,694.04,1.8,999000000.0
104.1,46.41,43.02,4.36,41.6,15.26,56.59,24.07,679.48,1.7,981000000.0
97.73,44.71,41.69,4.15,39.24,14.7,55.09,23.22,644.03,1.78,999000000.0
95.29,43.15,40.05,3.78,37.97,13.96,52.33,22.95,618.11,1.75,927000000.0
95.87,42.88,40.79,3.75,36.87,13.93,52.1,22.62,612.47,1.66,990000000.0
101.37,44.36,42.09,3.88,38.91,14.66,53.95,23.87,659.74,1.72,963000000.0
104.35,44.61,42.86,4.37,39.99,15.01,53.36,24.24,667.96,1.78,918000000.0
104.69,44.57,42.65,4.22,40.02,14.93,57.12,24.85,659.69,1.85,936000000.0
104.2,44.27,42.42,4.32,39.65,14.91,56.97,24.96,647.82,1.81,936000000.0
99.55,43.78,41.17,4.11,38.1,14.22,57.13,24.33,629.56,1.71,927000000.0
103.81,44.28,42.6,4.22,39.5,14.51,57.29,25.01,644.91,1.77,927000000.0
101.99,44.78,42.56,4.35,39.63,14.6,57.25,25.43,637.05,1.79,936000000.0
100.98,44.12,42.16,4.13,38.82,14.33,56.69,24.94,628.96,1.82,990000000.0
103.79,44.7,43.67,4.36,39.98,14.8,57.51,25.8,643.88,1.88,963000000.0
101.79,44.46,43.54,4.36,39.24,14.56,57.67,25.57,643.41,1.85,945000000.0
104.03,44.11,43.7,4.53,39.44,14.69,56.9,25.59,651.08,1.84,945000000.0
105.54,44.23,44.27,4.35,39.61,14.69,56.83,25.77,655.3,2.01,963000000.0
106.56,43.98,44.27,4.39,39.21,14.61,57.45,25.7,652.47,1.82,909000000.0
107.46,43.45,44.75,4.23,40.07,14.94,57.28,26.0,665.07,1.86,927000000.0
107.58,43.54,45.55,4.39,40.36,14.95,57.95,26.03,665.52,1.89,918000000.0
105.28,42.56,45.44,4.5,40.31,14.52,61.56,25.98,671.67,1.89,936000000.0
104.84,41.09,44.87,4.35,39.61,14.25,60.31,25.38,660.92,1.87,918000000.0
106.47,40.98,45.39,4.42,40.18,14.38,60.45,25.5,666.98,1.81,936000000.0
104.79,40.62,42.9,4.17,39.99,14.26,58.24,25.07,653.2,1.73,936000000.0
105.64,40.17,44.37,4.01,39.97,14.4,58.17,25.13,653.29,1.7,900000000.0
106.27,39.59,43.84,4.09,40.0,14.24,56.33,24.9,654.91,1.72,900000000.0
106.01,39.91,43.68,3.95,40.03,14.55,55.42,25.19,640.15,1.71,783000000.0
103.91,38.22,41.91,3.56,39.44,14.17,53.72,25.15,624.25,1.66,846000000.0
100.78,38.3,41.56,3.52,39.57,14.06,52.46,25.57,622.61,1.67,828000000.0
101.93,39.01,42.82,3.67,40.32,14.27,53.05,26.35,638.37,1.72,837000000.0
101.26,38.8,42.66,3.72,40.64,14.24,53.0,26.23,642.0,1.74,792000000.0
102.0,39.4,42.87,3.91,41.51,14.08,51.76,26.68,656.99,1.83,828000000.0
102.37,39.3,43.41,4.04,42.48,14.37,53.33,27.29,671.68,1.8,828000000.0
102.86,39.06,42.36,4.18,42.59,14.37,50.78,27.75,671.64,1.83,783000000.0
102.37,38.86,42.44,4.51,42.63,14.42,51.58,28.26,670.0,1.86,801000000.0
101.19,39.12,42.75,4.6,43.23,14.42,52.26,28.44,667.0,1.93,765000000.0
103.61,38.76,42.53,4.79,42.92,14.27,55.71,28.1,671.24,1.96,765000000.0
103.13,38.28,43.39,4.59,42.82,14.21,57.8,28.16,676.43,1.87,792000000.0
103.31,38.2,42.97,4.15,42.72,14.21,57.3,28.02,683.17,1.92,801000000.0
101.85,37.83,41.67,4.26,42.53,14.32,57.51,28.68,680.41,1.95,783000000.0
103.37,38.35,43.61,4.37,42.83,14.83,57.76,28.64,693.02,1.97,765000000.0
102.61,38.36,44.03,4.27,43.28,14.76,55.97,28.89,695.32,1.94,882000000.0
103.25,38.54,44.68,4.1,43.38,14.78,56.75,29.37,699.95,2.01,855000000.0
105.14,38.48,44.52,3.97,43.52,14.83,55.75,29.24,680.0,2.02,828000000.0
105.13,38.25,44.34,4.02,43.0,14.56,54.55,29.18,671.8,2.1,783000000.0
106.74,37.91,45.13,4.21,43.75,14.8,56.05,30.08,681.14,2.14,765000000.0
110.04,36.46,46.17,4.21,48.16,15.13,59.68,30.52,719.33,2.21,792000000.0
106.53,36.99,46.11,4.1,49.42,15.12,61.02,30.25,731.12,2.15,837000000.0
105.86,37.28,46.39,3.83,48.91,15.02,60.94,30.14,732.82,2.15,837000000.0
110.22,37.91,45.92,3.78,49.18,15.82,59.55,30.35,736.92,2.18,774000000.0
111.38,37.78,46.6,3.73,48.61,15.65,60.25,29.76,744.85,2.13,756000000.0
110.43,38.75,46.6,3.88,47.95,15.37,60.31,29.61,737.39,2.12,756000000.0
111.98,39.02,46.14,4.04,48.5,15.62,60.6,29.83,747.74,2.19,792000000.0
113.27,38.9,45.65,4.2,49.33,15.73,60.84,30.0,748.82,2.28,756000000.0
112.74,38.34,45.49,4.06,49.56,15.58,60.29,30.07,755.31,2.2,765000000.0
112.22,38.35,45.58,3.91,49.54,15.85,60.3,29.94,760.67,2.2,765000000.0
112.35,37.17,45.98,3.69,50.03,16.44,61.49,29.8,761.6,2.15,774000000.0
111.9,35.15,45.3,3.61,49.34,16.19,60.15,29.37,754.77,2.11,765000000.0
108.37,35.74,45.78,3.66,48.75,16.35,60.06,29.24,758.26,2.02,774000000.0
107.76,30.74,45.52,3.6,48.87,16.25,59.64,28.94,765.25,2.07,774000000.0
107.4,31.03,44.95,3.5,48.57,15.91,59.25,28.53,756.53,2.0,720000000.0
104.26,29.72,44.43,3.54,48.14,15.75,58.8,28.28,740.07,1.99,630000000.0
105.97,29.35,43.74,3.55,48.98,15.96,58.08,28.27,750.42,1.99,702000000.0
105.51,28.91,43.28,3.35,48.58,15.95,57.38,28.74,745.98,1.98,702000000.0
108.85,29.58,43.59,3.47,49.39,16.34,57.71,29.2,760.01,2.12,702000000.0
110.24,29.29,44.68,3.47,49.47,16.2,58.5,30.2,759.94,2.14,720000000.0
110.72,29.34,44.71,3.39,49.7,16.16,58.81,30.52,777.0,2.22,720000000.0
109.28,30.43,44.55,3.38,49.7,16.0,58.56,30.36,776.7,2.22,720000000.0
110.33,30.12,43.68,3.47,49.75,16.0,56.8,30.26,769.63,2.34,711000000.0
109.54,30.69,44.2,3.32,49.24,15.97,56.22,30.34,769.26,2.38,702000000.0
109.34,30.4,44.07,3.18,49.46,16.01,56.82,30.34,771.97,2.33,711000000.0
109.79,29.7,43.8,3.0,49.85,15.96,55.73,30.62,762.85,2.36,720000000.0
108.9,29.89,44.61,2.99,50.64,16.31,56.99,30.9,783.79,2.34,720000000.0
107.92,29.22,44.36,2.99,50.63,16.18,57.91,30.67,777.85,2.27,666000000.0
106.91,29.63,42.74,3.05,49.71,15.89,56.74,29.97,768.2,2.23,675000000.0
110.47,29.89,43.94,2.92,51.28,16.35,58.94,30.77,779.21,2.28,648000000.0
109.77,29.3,43.92,2.87,51.19,16.11,60.52,30.81,772.99,2.36,639000000.0
109.73,29.22,43.48,2.78,51.17,15.79,58.65,30.6,775.14,2.39,585000000.0
107.3,29.0,43.61,2.93,50.42,15.7,57.86,30.65,762.55,2.35,540000000.0
107.81,28.79,44.17,2.91,50.69,15.79,59.53,30.62,760.04,2.45,522000000.0
105.04,28.21,43.94,2.81,49.58,15.36,57.03,30.18,750.42,2.36,459000000.0
104.39,27.91,44.03,2.85,50.57,15.43,57.3,30.35,762.54,2.34,396000000.0
102.54,27.58,45.21,2.97,50.63,16.0,57.9,30.98,760.09,2.36,315000000.0
103.33,27.53,45.25,3.07,51.48,16.3,58.87,31.08,776.59,2.54,351000000.0
101.14,26.47,43.74,2.88,51.08,15.89,57.32,30.74,769.83,2.56,333000000.0
98.4,26.76,45.43,2.85,49.64,15.39,56.92,29.83,756.85,2.45,306000000.0
99.61,26.87,46.76,2.73,50.29,15.58,58.05,30.15,760.8,2.53,306000000.0
99.52,27.19,47.04,2.8,50.76,15.68,58.0,30.58,767.13,2.77,288000000.0
100.8,27.67,46.88,3.06,51.19,15.92,58.35,30.82,768.51,2.83,297000000.0
100.26,27.23,46.91,2.94,51.06,15.86,59.78,30.8,765.84,2.92,333000000.0
99.14,27.24,46.97,2.89,51.31,15.73,59.01,30.76,782.24,3.0,324000000.0
100.92,27.4,47.8,2.97,51.86,15.87,59.3,31.21,793.96,3.0,315000000.0
99.6,27.15,47.71,2.91,51.64,15.66,57.51,30.81,790.3,2.98,306000000.0
97.69,26.84,47.22,2.93,50.88,15.45,57.3,30.34,778.01,2.87,288000000.0
97.77,27.46,46.98,2.81,50.26,15.09,55.61,29.93,759.44,2.77,279000000.0
95.32,28.36,46.53,2.81,50.49,15.09,55.06,29.79,761.53,2.75,324000000.0
93.46,27.74,46.39,2.59,49.57,14.77,55.2,29.13,759.33,2.51,297000000.0
89.51,28.31,45.41,2.41,47.85,14.23,52.63,28.04,741.0,2.28,288000000.0
89.99,27.54,45.12,2.32,47.99,13.96,51.89,27.75,730.91,2.14,270000000.0
91.44,29.79,46.76,2.26,47.97,14.06,51.62,28.23,733.07,2.34,252000000.0
92.77,29.63,47.4,2.11,48.41,14.06,50.86,28.78,745.34,2.39,243000000.0
90.38,29.65,45.4,1.99,47.36,13.68,48.06,28.1,719.57,2.25,243000000.0
92.36,28.88,45.02,2.17,48.71,13.77,47.83,28.83,731.39,2.21,243000000.0
90.14,29.07,43.19,2.11,46.76,13.28,45.67,26.21,710.49,2.03,225000000.0
89.71,29.74,42.53,2.08,46.37,13.08,45.18,26.24,719.08,1.95,225000000.0
89.83,30.49,41.88,2.08,46.58,12.57,45.12,26.06,718.56,1.8,180000000.0
89.37,31.16,42.97,1.96,46.3,12.27,45.33,26.12,726.67,2.09,171000000.0
94.12,31.73,42.97,2.02,47.96,12.45,46.72,26.36,745.46,2.02,270000000.0
92.29,30.17,42.3,1.92,47.5,11.9,46.44,26.07,733.62,2.12,234000000.0
92.8,30.83,43.18,1.98,47.85,12.22,47.23,26.36,733.79,2.07,288000000.0
86.7,30.92,41.65,2.06,46.98,12.27,47.71,26.25,717.58,2.13,234000000.0
87.32,30.36,40.62,2.02,47.75,12.42,46.11,26.39,748.3,2.08,252000000.0
90.34,31.01,41.72,2.18,50.52,12.98,48.28,27.32,761.35,2.2,243000000.0
89.49,31.39,42.45,2.11,50.18,12.82,48.86,27.14,770.77,2.14,243000000.0
87.68,31.39,39.08,1.92,48.61,12.15,46.45,26.24,780.91,1.99,243000000.0
89.42,31.94,39.34,2.07,47.84,11.97,47.57,26.06,749.38,2.07,270000000.0
90.14,31.26,39.45,2.4,47.69,12.17,48.41,26.45,730.03,2.09,234000000.0
87.73,30.89,37.31,2.33,46.0,11.89,46.86,25.8,703.76,1.98,261000000.0
88.65,30.43,36.34,2.24,45.32,11.27,45.68,25.6,704.16,1.93,216000000.0
88.64,30.32,37.25,2.2,45.2,11.2,46.48,25.59,701.02,1.9,234000000.0
87.96,29.78,37.63,2.32,45.59,11.0,47.71,25.08,706.85,1.84,189000000.0
87.43,29.08,37.44,2.12,45.57,10.25,46.98,25.07,706.36,1.86,198000000.0
87.7,30.12,38.19,2.34,46.32,10.97,48.35,25.44,706.89,1.83,198000000.0
90.18,31.06,39.02,2.47,47.19,11.25,48.87,25.57,717.64,1.83,216000000.0
91.56,31.54,40.07,2.73,48.42,11.53,50.61,26.18,731.97,1.9,189000000.0
89.82,31.56,39.56,2.57,48.21,11.24,51.94,26.13,717.51,1.91,207000000.0
89.62,30.87,40.48,2.62,47.87,11.14,53.82,25.5,722.11,1.91,189000000.0
90.4,31.51,41.65,2.98,48.63,11.52,55.49,26.07,729.05,2.01,202500000.0
88.36,32.47,41.97,2.77,47.28,11.17,55.45,25.58,717.29,1.97,196200000.0
89.67,32.88,41.91,2.61,47.44,11.14,56.26,25.93,720.9,2.02,184500000.0
90.29,33.28,42.33,2.49,48.13,11.31,56.86,26.31,729.12,2.03,252000000.0
90.43,33.33,42.18,2.41,47.39,11.66,56.58,26.47,724.86,2.07,252900000.0
90.22,33.16,41.85,2.62,47.0,11.5,57.26,26.29,717.22,2.14,260100000.0
93.81,33.53,42.72,2.85,48.57,12.11,58.4,26.98,742.17,2.18,318600000.0
94.01,33.73,42.03,3.23,48.91,12.36,57.92,27.13,739.48,2.32,301500000.0
94.71,33.83,41.93,3.66,48.36,12.44,58.34,27.17,731.59,2.46,312300000.0
96.12,34.21,41.86,3.9,48.06,12.48,58.0,27.21,730.22,2.37,315000000.0
95.06,34.24,41.06,4.14,47.14,12.47,57.61,27.48,712.8,2.47,294300000.0
94.27,33.8,40.45,3.56,47.71,12.04,56.34,27.15,713.53,2.3,279900000.0
94.36,34.0,40.55,3.5,48.81,12.11,57.44,27.42,725.41,2.26,270900000.0
94.4,33.92,40.4,3.46,48.08,12.23,57.26,27.76,732.17,2.26,243000000.0
95.42,34.31,41.81,3.41,49.02,12.71,58.37,28.21,744.87,2.52,238500000.0
95.66,33.94,41.99,3.31,49.11,12.57,58.98,27.92,750.24,2.72,216900000.0
97.58,33.35,41.81,3.15,49.5,12.51,58.05,28.12,750.57,2.49,204300000.0
98.88,33.65,42.61,3.55,50.2,12.27,58.77,28.15,757.36,2.63,204300000.0
98.72,34.02,42.73,3.76,50.49,12.35,58.84,28.41,758.48,2.8,222300000.0
98.83,34.71,43.31,3.71,49.41,12.71,60.41,29.03,755.41,2.93,198000000.0
98.83,34.16,43.44,3.77,49.75,12.76,61.19,28.73,762.16,2.8,198000000.0
99.58,33.87,42.54,3.77,49.95,12.68,60.49,28.71,760.05,2.79,197100000.0
99.03,33.59,41.94,3.42,49.85,12.55,59.74,28.43,757.56,2.68,180900000.0
98.6,33.64,42.69,3.6,50.07,12.61,57.84,28.32,754.84,2.79,180900000.0
98.15,34.34,42.78,3.68,49.46,12.55,57.91,28.34,753.28,2.78,178200000.0
100.48,34.37,43.32,3.67,50.54,12.37,58.66,28.76,765.89,2.86,176400000.0
102.23,34.12,45.7,3.78,50.85,12.43,59.82,29.06,768.34,2.86,178200000.0
101.7,34.11,46.05,3.75,51.02,12.46,59.86,28.74,762.9,2.85,179100000.0
102.63,33.24,46.03,3.85,51.33,12.5,56.72,28.83,769.67,2.83,180900000.0
103.69,32.62,46.28,3.62,51.2,12.45,55.85,28.43,765.12,2.83,172800000.0
102.46,32.08,44.94,3.68,50.4,12.16,55.58,28.34,758.57,2.76,181800000.0
103.54,32.16,45.37,3.65,50.92,12.23,55.14,28.5,768.07,2.8,163800000.0
101.28,31.43,44.66,3.63,50.31,11.85,53.16,28.03,760.12,2.64,170100000.0
101.39,30.7,44.63,3.99,50.27,11.87,53.08,28.1,759.47,2.74,168300000.0
101.73,30.81,44.33,4.35,50.17,11.96,53.71,28.13,757.54,2.76,182700000.0
103.05,31.0,44.7,4.74,50.48,12.23,54.07,28.3,764.32,2.81,179100000.0
104.55,31.2,45.1,5.02,51.13,12.71,55.58,28.54,771.91,2.8,186300000.0
104.6,30.68,45.0,4.68,51.14,13.03,56.73,28.25,775.39,2.72,194400000.0
102.5,31.44,44.52,4.71,51.4,12.91,56.9,27.95,780.0,2.7,188100000.0
100.29,31.5,44.36,4.69,52.15,13.06,56.98,28.12,787.68,2.76,180000000.0
99.76,31.84,44.15,5.11,52.09,13.32,58.05,28.07,776.25,2.62,227700000.0
99.96,32.0,43.67,5.41,51.35,13.76,58.6,28.43,774.92,2.7,232200000.0
98.88,32.15,42.92,4.93,51.52,13.73,52.76,28.4,780.0,2.62,234000000.0
98.61,31.69,42.33,4.83,47.83,13.93,50.74,28.11,737.77,3.99,243900000.0
98.05,31.2,42.97,4.53,48.13,13.79,49.37,27.88,742.21,3.45,247500000.0
97.37,31.36,42.87,4.67,47.52,13.91,49.14,27.89,725.37,3.66,241200000.0
91.28,31.73,43.19,4.98,47.05,13.85,48.94,28.2,721.46,3.73,236700000.0
88.49,31.41,42.51,5.01,46.09,13.63,48.06,27.64,705.06,3.61,248400000.0
87.47,30.63,42.8,5.05,46.07,13.42,45.81,26.9,707.88,3.55,251100000.0
87.38,30.88,43.22,5.03,46.75,13.61,46.66,27.19,714.41,3.74,231300000.0
88.81,30.55,43.19,4.64,45.98,13.24,47.13,26.97,708.44,3.6,212400000.0
87.89,29.93,42.9,4.33,46.07,13.02,45.55,26.75,711.37,3.6,220500000.0
87.53,29.32,42.23,4.12,46.13,12.95,44.99,26.79,714.71,3.66,207900000.0
87.04,29.13,42.95,4.26,46.55,13.01,45.7,26.92,725.18,3.68,214200000.0
87.11,29.2,43.4,3.84,46.25,12.9,45.71,26.7,729.13,3.65,213300000.0
87.7,28.62,43.97,4.05,47.13,13.18,47.0,27.01,739.38,3.64,213300000.0
86.85,24.28,43.88,4.1,47.16,13.09,45.8,26.93,730.55,3.65,212400000.0
84.81,24.15,44.55,3.96,47.58,13.03,43.78,26.66,728.07,3.59,213300000.0
84.98,24.15,43.58,3.68,47.18,12.79,43.84,26.8,724.83,3.67,212400000.0
88.13,23.78,43.92,3.77,47.88,12.84,44.59,27.23,730.3,3.79,207900000.0
87.77,23.52,43.87,3.84,46.98,12.91,45.05,26.86,720.19,3.79,207000000.0
88.77,23.26,44.22,3.68,47.26,13.54,45.27,26.87,721.78,3.84,215100000.0
88.43,23.88,43.54,3.67,46.81,13.39,44.01,26.55,715.31,3.77,207900000.0
89.39,24.21,43.96,3.55,47.09,13.38,44.49,27.01,721.71,3.87,220500000.0
90.53,24.21,43.85,3.56,46.54,13.34,44.2,27.09,717.25,4.04,234900000.0
91.91,24.13,44.66,3.48,47.99,13.53,44.99,27.83,733.03,4.2,214200000.0
93.52,24.61,43.91,3.63,48.48,13.75,45.13,28.13,738.1,4.18,197100000.0
94.26,24.42,42.1,3.62,48.27,13.55,44.5,28.22,736.93,4.35,197100000.0
94.21,25.31,43.0,3.55,48.67,13.72,45.18,28.29,747.6,4.6,207000000.0
93.75,25.69,42.24,3.5,49.3,13.63,45.09,28.3,748.85,4.57,203400000.0
92.43,25.55,42.51,3.59,49.16,13.74,45.25,28.37,748.46,4.43,211500000.0
91.74,26.58,42.76,3.7,48.82,13.82,45.17,28.46,744.27,4.24,210600000.0
91.93,26.56,42.25,4.11,48.17,13.34,44.3,28.33,735.86,4.16,209700000.0
92.59,26.52,41.64,4.35,48.49,13.43,44.53,28.39,730.06,4.47,209700000.0
92.97,26.55,42.02,4.28,48.46,13.27,45.81,28.56,731.09,4.51,215100000.0
92.88,26.51,42.18,4.5,48.41,13.35,45.69,28.57,742.93,4.46,198000000.0
93.55,26.0,42.49,4.12,48.02,13.12,46.7,28.62,742.52,4.52,199800000.0
92.78,25.72,41.72,3.93,47.89,12.79,46.08,28.71,733.19,4.32,180000000.0
91.38,24.73,41.26,3.89,46.64,12.58,44.06,28.82,731.88,4.4,183600000.0
91.49,24.5,41.16,3.77,46.35,12.26,42.09,28.8,733.25,4.39,162000000.0
91.19,25.0,41.81,3.86,46.22,12.34,42.89,28.32,732.19,4.42,169200000.0
91.58,25.32,42.0,3.94,46.87,12.31,41.83,28.39,724.25,4.75,172800000.0
89.49,26.0,42.3,3.97,46.63,12.39,42.62,28.46,704.25,5.26,172800000.0
89.28,25.99,42.91,4.12,46.57,12.52,43.4,28.82,706.13,5.1,162900000.0
90.04,25.86,43.04,4.12,47.62,12.6,44.86,28.96,708.88,5.45,158400000.0
89.7,25.68,43.23,4.18,47.43,12.59,45.09,28.93,710.47,5.02,153900000.0
90.22,26.12,43.67,4.42,48.29,12.99,45.17,29.56,714.87,5.21,162900000.0
87.68,25.1,40.39,4.05,46.35,12.02,41.06,28.27,685.2,4.88,149400000.0
86.41,24.82,38.61,3.9,45.05,11.27,37.75,27.53,681.14,4.72,144000000.0
87.86,25.38,38.69,4.19,45.99,11.75,38.95,27.95,691.26,5.12,152100000.0
88.62,26.08,39.34,4.32,47.01,12.2,40.57,28.61,695.19,5.13,152100000.0
89.75,26.3,39.11,4.51,47.6,12.27,41.04,29.39,703.53,5.14,152100000.0
90.02,26.29,39.69,4.6,47.59,12.12,41.37,29.34,710.25,5.07,152100000.0
89.18,25.9,38.71,4.37,47.6,11.78,40.29,29.28,704.89,4.96,145800000.0
89.68,26.3,38.2,4.37,47.79,11.89,39.31,29.54,708.97,5.04,140400000.0
90.07,26.3,38.77,4.29,47.79,12.03,40.09,29.75,707.26,5.02,146700000.0
90.76,26.89,39.39,4.41,48.65,12.18,41.48,30.46,717.78,5.1,134100000.0
91.04,27.28,40.37,4.56,48.92,12.22,42.41,30.8,727.2,5.01,139500000.0
91.46,27.9,41.33,4.77,49.49,12.52,46.16,31.31,732.51,5.14,135000000.0
90.94,27.45,41.27,4.86,49.77,12.43,45.86,31.37,729.48,5.09,145800000.0
92.74,27.26,40.98,4.76,49.99,12.63,47.85,31.54,735.8,5.17,141300000.0
92.73,27.14,40.1,4.77,49.95,12.63,47.43,31.42,735.63,5.14,138600000.0
93.72,27.59,40.36,4.85,50.19,13.05,47.71,31.4,753.2,5.51,138600000.0
93.76,27.29,39.93,4.63,49.38,13.19,47.85,31.49,753.41,5.41,147600000.0
93.84,27.62,40.72,4.61,52.01,13.32,48.3,31.98,757.08,5.41,199800000.0
93.34,27.77,40.1,4.73,51.9,13.2,46.66,30.71,754.41,5.22,289800000.0
92.62,27.61,40.64,4.73,52.62,13.3,47.57,31.06,759.28,5.84,363600000.0
91.38,28.53,40.97,4.75,52.77,13.29,46.89,31.08,757.52,6.7,310500000.0
90.75,28.81,40.85,5.05,52.8,13.44,47.73,31.44,757.65,6.98,289800000.0
96.65,27.94,40.98,5.14,52.27,13.53,47.44,31.21,761.97,6.85,316800000.0
97.95,28.07,41.14,5.17,52.29,13.58,47.4,31.15,765.84,6.82,274500000.0
97.83,28.04,41.33,5.12,52.72,13.4,46.89,31.23,791.34,6.86,233100000.0
99.56,27.64,41.33,4.92,52.63,13.25,47.36,31.23,800.94,6.64,594899968.0
98.08,25.64,40.04,4.94,52.63,13.07,44.4,30.97,800.12,6.26,562499968.0
99.31,26.16,40.37,5.16,52.99,13.39,44.9,30.92,798.92,6.3,519300000.0
99.93,26.36,40.84,5.27,53.38,13.39,45.9,31.22,797.25,6.47,477000000.0
101.45,26.69,41.63,5.36,53.91,13.92,48.41,31.58,806.93,6.61,518400000.0
102.29,27.19,41.12,5.37,54.01,13.99,48.49,31.63,805.23,6.68,473400000.0
102.7,26.43,39.86,5.41,54.14,14.05,47.81,31.53,807.48,6.6,459000000.0
101.94,26.61,40.2,5.17,53.97,13.7,47.12,31.17,808.49,6.49,431100000.0
101.87,31.15,40.63,5.24,54.23,13.76,47.27,31.31,808.2,6.58,412200000.0
102.11,31.16,40.73,5.02,53.89,13.79,47.1,31.21,807.05,6.73,412200000.0
103.34,31.66,40.83,5.17,54.06,13.89,48.01,31.52,805.96,6.95,434700000.0
103.24,31.85,41.21,5.3,53.76,14.03,47.99,31.79,801.19,6.78,411300000.0
103.09,31.62,41.57,5.32,53.87,14.01,48.18,31.62,805.42,6.68,398700000.0
102.96,31.5,41.38,5.26,53.91,14.02,47.6,31.57,802.75,7.04,393300000.0
103.22,31.54,41.26,5.32,53.93,14.08,47.09,31.81,799.65,7.62,378000000.0
102.42,30.79,41.5,5.15,53.98,14.04,46.95,31.92,796.95,7.58,355500000.0
102.74,31.3,42.28,5.23,54.18,14.2,47.49,31.96,796.59,7.67,341100000.0
101.97,31.09,42.15,5.02,54.24,14.24,47.6,31.73,793.6,7.43,418500000.0
101.53,30.72,42.06,5.02,54.45,14.36,47.53,31.68,791.3,7.47,429300000.0
100.94,30.18,41.98,4.85,54.31,14.6,46.87,31.83,793.22,7.67,384300000.0
100.82,30.28,42.05,5.0,54.38,14.65,46.95,32.09,795.82,7.59,360900000.0
100.05,29.89,42.25,4.85,54.18,14.97,50.99,32.23,791.92,7.49,357300000.0
100.14,28.31,42.6,4.69,53.78,15.0,50.41,32.4,789.85,7.4,356400000.0
100.74,28.44,43.4,4.8,53.9,14.85,50.89,32.52,791.4,7.35,363600000.0
101.68,28.67,41.35,4.99,53.98,14.87,51.09,32.57,796.87,7.51,362700000.0
101.66,28.29,40.88,5.1,53.92,14.66,51.14,33.02,808.02,7.34,369000000.0
102.28,29.1,40.37,5.02,53.97,14.59,53.68,32.92,807.99,6.84,366300000.0
99.6,28.17,39.98,4.94,53.75,14.74,54.36,32.9,802.84,6.23,364500000.0
97.34,27.77,39.55,4.62,52.61,14.63,52.45,31.99,788.48,5.9,351000000.0
99.52,27.9,40.3,4.81,53.4,14.77,53.25,32.57,798.82,5.94,361800000.0
101.89,27.43,40.67,4.41,52.91,14.61,51.64,32.15,788.72,5.74,342000000.0
105.5,27.85,41.2,4.47,52.66,14.52,51.0,32.16,790.46,6.04,342900000.0
109.08,28.13,41.42,4.48,53.53,14.56,51.71,33.01,801.23,6.02,317700000.0
108.47,28.11,41.22,4.48,53.58,14.39,51.0,34.01,797.97,6.05,305100000.0
107.21,27.86,40.91,4.53,53.29,14.49,50.96,33.55,795.39,6.16,280800000.0
107.2,27.65,41.17,4.55,53.17,14.5,50.31,33.53,799.78,6.17,304200000.0
107.18,28.48,40.84,4.87,54.06,14.54,50.23,33.81,805.03,6.29,332100000.0
108.19,28.68,41.75,4.83,54.12,14.5,51.04,33.9,815.95,6.37,320400000.0
106.38,28.96,42.12,4.83,53.75,14.42,50.95,33.57,814.96,6.55,306000000.0
106.54,28.66,41.42,4.79,53.26,14.02,49.45,33.09,802.65,6.32,301500000.0
106.74,28.95,43.09,4.85,54.24,14.21,50.41,33.57,810.73,6.54,288900000.0
107.55,28.55,43.48,5.03,54.31,14.29,50.66,33.8,810.06,6.59,300600000.0
105.88,28.51,43.01,4.93,53.73,14.09,51.14,33.69,802.64,6.67,330300000.0
106.7,29.3,43.51,4.9,53.91,14.54,52.47,34.08,804.06,6.91,313200000.0
106.2,28.7,43.79,5.04,53.74,14.52,53.25,34.0,800.38,6.95,310500000.0
106.66,28.92,43.84,4.85,53.58,14.68,53.73,33.89,802.79,6.97,297000000.0
106.7,29.55,43.47,4.93,53.95,14.97,53.82,34.3,801.23,6.78,297000000.0
107.5,29.8,43.52,4.91,54.04,15.07,53.98,34.37,803.08,6.96,298800000.0
107.66,30.09,42.56,4.96,54.1,14.99,52.82,34.4,800.71,6.75,288900000.0
109.54,29.69,42.34,5.25,54.32,15.15,54.2,34.32,814.17,6.84,300600000.0
109.77,29.45,41.76,5.15,53.53,14.97,53.52,33.65,809.57,6.5,278100000.0
110.75,29.69,41.62,5.18,53.45,14.9,52.88,33.52,811.77,6.62,269100000.0
110.41,29.11,41.7,4.93,53.28,14.71,53.69,33.38,804.08,6.49,252900000.0
111.03,28.13,41.13,4.97,53.74,14.87,53.2,33.81,804.6,6.75,240300000.0
110.95,27.75,41.1,5.06,53.56,14.91,53.03,33.67,806.84,6.67,234000000.0
110.88,27.84,41.46,5.2,53.97,15.11,53.68,34.08,821.49,6.73,234900000.0
110.55,28.15,41.55,5.2,53.85,15.3,55.44,32.06,826.84,6.77,239400000.0
110.49,28.37,42.07,5.37,53.58,15.39,56.57,31.99,821.63,6.96,270000000.0
110.06,28.88,41.63,5.58,55.84,15.49,55.6,31.73,824.06,6.52,252900000.0
111.05,28.98,41.89,5.78,57.09,15.58,55.04,31.83,835.74,7.01,242100000.0
111.61,28.42,41.82,6.05,57.09,15.54,54.63,31.69,828.55,7.5,247500000.0
109.1,28.43,42.02,6.16,56.75,15.68,53.98,31.53,822.1,7.29,240300000.0
108.05,27.92,41.47,6.19,56.25,15.71,54.42,31.43,817.35,7.11,237600000.0
107.34,28.13,43.18,6.15,56.04,15.5,55.11,31.36,819.56,7.2,234000000.0
107.17,28.86,43.76,6.16,56.08,15.33,56.23,31.48,809.9,7.23,225900000.0
105.23,29.14,43.16,6.15,55.97,15.43,56.0,31.16,805.48,7.09,226800000.0
105.33,29.18,43.02,5.99,55.63,15.31,56.14,31.24,788.42,6.76,194400000.0
104.2,29.18,43.07,6.02,55.42,15.31,55.94,30.86,782.19,6.7,207000000.0
103.26,29.15,42.82,5.94,54.95,15.38,57.23,30.57,781.1,6.56,194400000.0
104.75,29.87,43.66,6.39,56.55,15.81,58.53,31.55,802.03,6.96,198900000.0
105.36,29.95,44.4,6.72,56.6,15.8,59.31,31.6,811.98,7.0,208800000.0
105.19,30.36,43.99,6.91,56.32,16.7,60.13,31.61,805.59,6.94,211500000.0
102.26,32.06,44.49,7.13,54.94,17.43,59.94,31.38,780.29,6.3,263700000.0
102.87,32.71,44.4,6.85,55.24,17.67,60.25,31.48,771.75,6.69,254700000.0
100.29,32.87,45.26,6.85,54.4,18.66,62.94,31.36,753.22,6.79,306000000.0
101.62,32.74,45.43,6.52,55.47,18.73,66.06,31.76,775.16,6.97,485100000.0
104.35,33.09,45.4,6.51,56.21,18.35,65.5,31.69,779.98,7.67,548099968.0
104.31,34.05,45.9,6.51,57.14,18.66,67.86,31.86,786.16,8.46,391500000.0
104.42,34.03,45.9,6.45,56.87,18.58,68.29,31.79,775.97,8.71,347400000.0
106.0,34.16,45.69,6.82,57.35,18.89,68.99,31.82,784.8,8.94,296100000.0
106.07,35.17,46.46,7.38,57.59,18.86,69.5,32.27,785.0,8.69,308700000.0
105.53,35.52,46.93,7.47,56.91,19.1,69.88,32.02,779.0,8.8,305100000.0
106.06,34.91,47.16,7.5,57.04,19.38,70.09,32.24,780.23,8.77,288900000.0
105.85,34.11,46.72,8.11,57.11,18.86,69.25,32.3,785.79,8.83,270000000.0
105.74,33.61,47.76,7.62,57.57,18.85,69.72,32.12,789.44,8.93,277200000.0
104.85,33.38,46.13,7.56,56.78,19.7,68.95,31.56,775.88,8.91,287100000.0
103.88,33.55,44.76,7.31,55.78,20.05,68.47,30.71,764.33,8.39,280800000.0
104.26,33.6,45.23,7.56,55.83,19.8,69.27,31.07,764.46,8.53,273600000.0
103.51,33.15,46.33,7.76,56.75,20.37,68.26,31.28,778.22,8.68,279900000.0
104.31,33.54,47.18,7.9,56.49,20.67,70.97,31.58,776.18,9.45,270900000.0
105.34,34.15,47.71,8.21,57.83,21.05,72.43,32.29,791.47,9.56,270000000.0
106.37,34.07,47.49,8.01,57.49,21.4,72.74,32.47,795.17,10.34,265500000.0
108.11,33.57,47.87,7.87,58.39,21.54,75.17,32.53,809.45,10.34,268200000.0
107.49,32.0,46.78,7.89,58.58,21.09,73.24,32.72,807.9,10.68,256500000.0
109.28,32.5,46.8,7.61,59.35,21.09,72.55,33.47,815.34,10.54,247500000.0
109.28,32.06,47.03,7.42,59.06,21.14,72.94,33.25,817.89,10.55,215100000.0
109.88,32.05,47.53,7.57,58.97,21.6,74.79,33.47,815.65,10.86,270000000.0
110.02,29.92,46.22,7.32,58.71,21.13,74.42,33.03,809.84,10.66,250200000.0
110.66,29.54,46.05,6.92,59.95,20.97,74.48,33.56,812.5,10.95,243000000.0
110.95,30.3,47.1,7.08,59.87,21.18,76.05,33.85,815.2,11.51,236700000.0
111.06,29.95,47.64,7.09,59.87,21.11,75.72,33.64,812.2,11.47,236700000.0
110.33,28.88,47.03,6.98,59.88,21.02,74.19,33.59,809.68,11.6,230400000.0
110.54,29.13,47.59,6.91,59.59,21.08,74.79,33.63,807.8,11.58,218700000.0
111.25,29.17,47.24,7.08,59.63,21.09,74.67,33.72,809.93,12.07,217800000.0
110.77,28.97,46.83,7.19,59.36,20.83,73.53,33.32,804.57,11.55,211500000.0
110.74,28.97,46.66,7.09,59.27,20.52,73.28,33.35,802.88,11.59,208800000.0
109.88,28.59,46.72,6.83,58.55,20.61,72.88,32.99,792.45,11.34,202500000.0
110.19,28.13,46.79,7.21,58.97,21.01,72.71,33.29,808.01,11.43,210600000.0
110.07,28.61,47.4,7.21,58.71,21.4,73.02,33.12,807.77,11.43,215100000.0
110.63,24.64,48.2,7.44,58.71,21.15,70.93,33.06,813.02,11.24,218700000.0
111.86,24.61,48.15,7.16,59.21,21.15,71.37,33.18,825.21,11.32,220500000.0
112.89,24.32,48.18,7.37,59.03,21.03,71.28,33.3,827.18,11.49,211500000.0
113.0,24.19,48.68,8.03,59.01,21.4,73.66,33.24,826.01,11.44,205200000.0
113.61,23.91,48.96,8.34,59.54,21.52,75.04,33.61,829.86,11.2,209700000.0
113.13,23.94,48.14,8.46,59.0,21.38,74.0,33.39,829.53,10.76,204300000.0
112.94,23.86,47.97,8.59,59.08,21.46,74.32,33.47,830.94,10.58,225000000.0
113.85,23.87,47.64,8.52,58.92,20.57,73.74,33.47,827.46,9.82,207900000.0
113.84,23.5,48.1,8.91,58.89,21.11,74.0,33.44,829.02,9.88,213300000.0
113.64,23.51,47.97,8.78,58.71,21.01,74.02,33.27,824.37,9.77,214200000.0
113.85,23.71,47.83,8.99,59.12,21.12,75.24,33.6,828.17,9.75,214200000.0
113.92,23.66,48.25,9.42,59.33,21.04,72.75,33.45,844.43,9.91,208800000.0
113.82,23.94,48.93,9.64,59.85,21.4,73.18,34.22,849.53,10.44,207000000.0
115.63,24.07,50.1,9.66,60.01,21.8,73.59,34.38,858.45,10.35,208800000.0
115.69,23.89,51.09,9.52,60.56,21.86,75.38,34.17,856.98,10.52,206100000.0
115.7,23.24,50.51,9.56,61.98,21.79,74.42,34.55,845.03,10.67,192600000.0
115.39,23.57,49.93,9.24,61.37,21.4,71.72,34.04,823.83,10.61,182700000.0
115.13,23.58,49.7,9.12,60.92,21.12,70.47,33.49,820.19,10.37,198900000.0
122.15,23.32,49.78,9.39,59.91,21.35,71.48,33.22,815.24,12.06,190800000.0
121.94,24.53,49.63,9.34,59.53,21.19,72.14,33.37,818.26,12.28,187200000.0
122.46,26.1,49.61,8.72,60.01,21.72,73.06,33.46,820.13,12.24,187200000.0
123.61,25.38,49.81,8.57,59.97,21.56,73.5,33.23,821.62,13.63,200700000.0
124.78,24.91,49.76,8.63,59.77,21.36,71.29,33.3,829.23,13.29,190800000.0
125.27,25.53,49.89,8.76,59.69,21.14,71.7,33.33,829.88,13.56,188100000.0
126.17,25.84,50.53,8.93,60.36,21.56,72.98,32.49,830.06,13.42,188100000.0
125.89,25.54,50.48,9.37,60.31,21.53,72.6,32.38,834.85,13.58,187200000.0
127.0,26.01,50.67,10.16,60.99,21.82,73.84,32.8,838.96,13.49,189900000.0
128.65,26.09,50.59,10.0,61.21,22.44,73.74,32.92,840.03,13.26,194400000.0
129.12,26.14,50.68,9.96,61.18,22.93,75.75,33.03,837.32,13.3,197100000.0
128.97,25.4,50.28,9.73,61.17,22.93,75.67,33.36,842.17,12.97,270000000.0
129.32,25.79,49.72,9.83,61.26,22.87,75.96,33.42,846.55,13.13,289800000.0
130.25,25.78,50.16,10.32,61.14,23.11,75.41,33.46,849.27,14.0,241200000.0
130.64,25.84,50.12,10.07,61.01,23.12,75.43,33.04,851.36,14.28,216000000.0
130.09,25.9,50.5,9.63,61.26,22.93,74.56,33.15,851.0,14.32,203400000.0
130.21,26.48,50.6,9.43,61.26,22.6,75.08,33.47,847.81,14.12,215100000.0
130.47,26.8,50.62,9.51,60.89,22.92,75.28,33.45,849.67,15.2,200700000.0
130.53,26.52,50.53,9.28,60.65,23.02,74.09,33.16,844.93,14.46,193500000.0
133.2,26.31,51.02,9.58,61.56,23.86,75.39,32.92,856.75,14.96,187200000.0
132.41,26.52,51.09,8.93,60.68,23.6,73.28,32.9,849.85,13.9,174600000.0
133.19,25.36,50.32,9.12,60.91,23.8,75.59,32.89,849.08,13.03,184500000.0
132.77,24.5,50.34,8.91,60.93,23.62,73.14,32.59,847.27,13.04,170100000.0
132.94,24.6,50.15,8.9,61.05,23.58,72.64,32.8,851.15,13.05,150300000.0
132.44,25.36,50.15,8.48,61.61,23.63,73.44,32.63,853.64,13.22,141300000.0
132.14,25.17,50.75,8.48,61.36,23.72,72.54,32.82,857.84,13.33,128700000.0
132.58,25.33,51.66,8.49,61.55,23.68,72.34,32.9,861.41,13.91,122400000.0
132.63,24.97,51.57,8.82,61.35,23.67,69.85,32.21,864.58,14.28,110700000.0
132.43,25.01,51.46,8.84,61.06,23.69,66.55,32.23,865.91,14.1,105300000.0
133.83,24.5,51.81,9.57,61.38,23.56,68.17,32.16,868.39,13.98,94500000.0
134.05,24.57,51.96,9.35,61.28,23.59,67.56,32.19,870.0,13.65,198000000.0
133.39,24.68,52.05,9.08,61.5,23.26,66.79,32.31,872.37,13.49,177300000.0
134.79,23.73,52.16,9.22,61.55,22.86,67.49,32.46,867.91,14.4,123300000.0
133.24,22.96,52.19,8.46,60.87,21.54,65.28,32.1,850.14,13.82,118800000.0
134.75,22.92,52.64,8.54,61.65,21.46,66.95,32.4,849.8,14.1,117000000.0
134.27,22.84,52.85,8.35,61.5,21.58,67.5,32.31,839.65,13.79,99900000.0
134.01,22.76,52.92,8.33,61.6,21.63,67.93,32.21,835.14,13.7,104400000.0
134.23,22.57,53.16,8.37,61.72,21.54,68.37,32.42,838.51,13.7,110700000.0
137.02,23.07,53.51,8.49,61.9,21.97,70.74,32.61,840.63,13.69,102600000.0
137.32,23.65,53.24,8.62,62.07,21.84,69.85,32.59,849.87,13.71,101700000.0
137.14,23.8,53.54,8.55,62.29,22.33,70.78,32.75,849.48,14.05,94500000.0
136.88,23.95,53.2,8.51,62.44,22.07,70.64,33.04,847.8,14.55,97200000.0
136.92,23.95,53.03,8.5,62.14,22.07,71.35,33.13,856.75,14.64,96300000.0
137.94,23.34,52.95,8.84,62.31,21.93,69.76,33.24,852.57,14.16,97200000.0
137.23,23.29,53.1,8.45,62.15,21.68,70.06,33.18,848.91,14.17,77400000.0
136.88,23.77,53.33,8.21,62.31,21.76,70.22,33.01,845.1,13.27,58500000.0
136.58,23.51,52.93,8.27,62.27,21.67,70.88,33.01,842.1,13.52,45000000.0
136.42,23.85,52.77,8.28,62.12,21.54,71.52,32.8,841.7,13.1,46800000.0
134.95,24.01,52.18,8.2,62.08,21.44,70.71,32.74,839.88,13.1,45000000.0
135.11,23.57,52.13,7.83,61.84,21.19,69.93,32.64,841.46,12.76,54900000.0
134.4,23.57,51.9,7.81,61.57,20.9,69.07,32.29,840.18,12.31,51300000.0
135.14,23.29,52.79,7.89,62.08,21.34,70.77,32.5,855.13,12.79,46800000.0
134.54,23.2,52.71,7.68,61.99,21.25,67.75,32.77,853.99,12.95,47700000.0
134.04,23.5,52.99,7.63,61.66,21.27,69.29,32.9,856.51,12.84,48600000.0
135.72,24.25,53.47,7.9,62.09,21.58,69.8,33.15,860.08,13.11,46800000.0
135.56,23.82,53.24,7.95,62.95,21.25,69.56,33.27,858.95,13.0,47700000.0
136.86,23.59,53.84,8.1,64.02,22.11,71.0,33.67,878.93,13.13,35100000.0
137.71,23.66,54.21,8.29,64.39,22.43,70.97,33.78,888.84,13.49,36000000.0
136.9,23.78,54.68,8.09,64.3,22.35,71.33,33.83,889.14,13.41,36000000.0
137.01,23.84,55.07,7.8,64.72,22.12,70.7,34.29,891.44,13.62,33300000.0
136.87,23.61,55.78,7.95,64.9,21.83,70.21,33.12,924.52,13.3,26100000.0
139.67,23.32,56.49,8.04,65.8,22.09,70.27,33.26,932.82,13.62,19800000.0
140.55,23.84,56.62,8.17,65.7,22.01,73.94,33.87,937.09,10.32,19800000.0
140.12,23.56,56.57,7.74,65.49,22.24,74.21,34.13,948.45,10.39,19800000.0
139.62,23.37,56.86,7.36,65.23,22.31,74.91,34.01,954.72,10.1,19800000.0
141.93,23.41,56.91,7.57,65.41,22.21,75.3,33.98,950.28,10.19,19800000.0
145.79,23.17,56.65,7.53,65.36,22.41,74.98,33.72,958.69,10.04,19800000.0
146.73,23.67,57.09,7.65,65.45,22.43,78.55,33.57,956.71,10.18,18900000.0
146.03,23.71,56.12,7.74,65.71,22.59,78.55,33.23,954.84,10.79,16200000.0
147.29,19.67,55.98,7.72,64.9,22.52,77.36,32.94,955.89,11.07,8235000.0
149.35,19.08,55.26,7.65,64.83,22.45,76.41,32.79,955.14,11.26,6525000.0
148.97,18.75,55.0,7.88,64.87,22.51,77.79,32.88,959.22,11.42,4320000.0
148.75,18.44,55.27,8.12,66.18,22.44,79.06,33.06,964.61,12.75,4410000.0
143.75,18.59,53.96,7.91,64.34,21.11,76.18,32.34,942.17,11.2,3915000.0
145.94,18.39,55.12,7.41,64.56,21.27,75.98,32.51,950.5,11.28,3105000.0
146.44,18.59,55.54,7.8,64.54,21.56,77.98,32.67,954.65,11.41,3015000.0
147.33,18.92,56.03,7.86,65.26,21.55,78.92,33.01,964.07,11.04,2295000.0
147.15,18.62,55.92,7.99,65.48,21.88,79.03,33.1,970.55,10.89,2160000.0
146.71,18.73,56.37,7.84,65.57,21.85,78.94,33.34,977.61,10.89,1845000.0
147.22,18.87,57.05,7.85,66.38,21.75,81.41,33.47,991.86,10.98,1755000.0
146.97,18.94,57.59,7.9,66.7,21.74,81.25,33.47,993.27,11.0,1665000.0
147.03,19.07,57.93,8.11,67.13,21.43,79.25,33.39,996.17,11.12,1755000.0
